"Species","order","family","visual_acuity_cpd","acuity_method","note","source"
"Acinonyx jubatus","Carnivora","Felidae",23.02,"anatomical (peak ganglion-cell density)","SECONDARY compilation - analysis dataset of a review; VA compiled from primaries incl. Veilleux & Kirk 2014, Kirk & Kay 2004, Heffner & Heffner; prefer primaries in merges","deSousa_etal_2022_acuityblind.csv"
"Alouatta caraya","Primates","Atelidae",59.61,"anatomical (peak ganglion-cell density)","SECONDARY compilation - analysis dataset of a review; VA compiled from primaries incl. Veilleux & Kirk 2014, Kirk & Kay 2004, Heffner & Heffner; prefer primaries in merges","deSousa_etal_2022_acuityblind.csv"
"Aonyx cinerea","Carnivora","Mustelidae",2.2,"behavioral","SECONDARY compilation - analysis dataset of a review; VA compiled from primaries incl. Veilleux & Kirk 2014, Kirk & Kay 2004, Heffner & Heffner; prefer primaries in merges","deSousa_etal_2022_acuityblind.csv"
"Aotus azarai","Primates","Aotidae",8.3,"anatomical (peak ganglion-cell density)","SECONDARY compilation - analysis dataset of a review; VA compiled from primaries incl. Veilleux & Kirk 2014, Kirk & Kay 2004, Heffner & Heffner; prefer primaries in merges","deSousa_etal_2022_acuityblind.csv"
"Aotus trivirgatus","Primates","Aotidae",10,"behavioral","SECONDARY compilation - analysis dataset of a review; VA compiled from primaries incl. Veilleux & Kirk 2014, Kirk & Kay 2004, Heffner & Heffner; prefer primaries in merges","deSousa_etal_2022_acuityblind.csv"
"Artibeus cinereus","Chiroptera","Phyllostomidae",1.4,"anatomical (peak ganglion-cell density)","SECONDARY compilation - analysis dataset of a review; VA compiled from primaries incl. Veilleux & Kirk 2014, Kirk & Kay 2004, Heffner & Heffner; prefer primaries in merges","deSousa_etal_2022_acuityblind.csv"
"Artibeus jamaicensis","Chiroptera","Phyllostomidae",0.17,"behavioral","SECONDARY compilation - analysis dataset of a review; VA compiled from primaries incl. Veilleux & Kirk 2014, Kirk & Kay 2004, Heffner & Heffner; prefer primaries in merges","deSousa_etal_2022_acuityblind.csv"
"Balaenoptera acutorostrata","Cetacea","Balaenopteridae",4.2,"anatomical (peak ganglion-cell density)","SECONDARY compilation - analysis dataset of a review; VA compiled from primaries incl. Veilleux & Kirk 2014, Kirk & Kay 2004, Heffner & Heffner; prefer primaries in merges","deSousa_etal_2022_acuityblind.csv"
"Bos taurus","Artiodactyla","Bovidae",10.31,"anatomical (peak ganglion-cell density)","SECONDARY compilation - analysis dataset of a review; VA compiled from primaries incl. Veilleux & Kirk 2014, Kirk & Kay 2004, Heffner & Heffner; prefer primaries in merges","deSousa_etal_2022_acuityblind.csv"
"Callithrix jacchus","Primates","Cebidae",30,"anatomical (peak ganglion-cell density)","SECONDARY compilation - analysis dataset of a review; VA compiled from primaries incl. Veilleux & Kirk 2014, Kirk & Kay 2004, Heffner & Heffner; prefer primaries in merges","deSousa_etal_2022_acuityblind.csv"
"Callorhinus ursinus","Carnivora","Otariidae",7.1,"anatomical (peak ganglion-cell density)","SECONDARY compilation - analysis dataset of a review; VA compiled from primaries incl. Veilleux & Kirk 2014, Kirk & Kay 2004, Heffner & Heffner; prefer primaries in merges","deSousa_etal_2022_acuityblind.csv"
"Camelus bactrianus","Artiodactyla","Camelidae",10,"behavioral","SECONDARY compilation - analysis dataset of a review; VA compiled from primaries incl. Veilleux & Kirk 2014, Kirk & Kay 2004, Heffner & Heffner; prefer primaries in merges","deSousa_etal_2022_acuityblind.csv"
"Camelus dromedarius","Artiodactyla","Camelidae",10.4,"anatomical (peak ganglion-cell density)","SECONDARY compilation - analysis dataset of a review; VA compiled from primaries incl. Veilleux & Kirk 2014, Kirk & Kay 2004, Heffner & Heffner; prefer primaries in merges","deSousa_etal_2022_acuityblind.csv"
"Canis lupus","Carnivora","Canidae",14.57,"anatomical (peak ganglion-cell density)","SECONDARY compilation - analysis dataset of a review; VA compiled from primaries incl. Veilleux & Kirk 2014, Kirk & Kay 2004, Heffner & Heffner; prefer primaries in merges","deSousa_etal_2022_acuityblind.csv"
"Capra hircus","Artiodactyla","Bovidae",8.43,"anatomical (peak ganglion-cell density)","SECONDARY compilation - analysis dataset of a review; VA compiled from primaries incl. Veilleux & Kirk 2014, Kirk & Kay 2004, Heffner & Heffner; prefer primaries in merges","deSousa_etal_2022_acuityblind.csv"
"Carollia perspicillata","Chiroptera","Phyllostomidae",0.94,"anatomical (peak ganglion-cell density)","SECONDARY compilation - analysis dataset of a review; VA compiled from primaries incl. Veilleux & Kirk 2014, Kirk & Kay 2004, Heffner & Heffner; prefer primaries in merges","deSousa_etal_2022_acuityblind.csv"
"Sapajus apella","Primates","Cebidae",54.75,"anatomical (peak ganglion-cell density)","SECONDARY compilation - analysis dataset of a review; VA compiled from primaries incl. Veilleux & Kirk 2014, Kirk & Kay 2004, Heffner & Heffner; prefer primaries in merges","deSousa_etal_2022_acuityblind.csv"
"Cheirogaleus medius","Primates","Cheirogaleidae",2.84,"anatomical (peak ganglion-cell density)","SECONDARY compilation - analysis dataset of a review; VA compiled from primaries incl. Veilleux & Kirk 2014, Kirk & Kay 2004, Heffner & Heffner; prefer primaries in merges","deSousa_etal_2022_acuityblind.csv"
"Chlorocebus aethiops","Primates","Cercopithecidae",55.23,"anatomical (peak ganglion-cell density)","SECONDARY compilation - analysis dataset of a review; VA compiled from primaries incl. Veilleux & Kirk 2014, Kirk & Kay 2004, Heffner & Heffner; prefer primaries in merges","deSousa_etal_2022_acuityblind.csv"
"Choloepus didactylus","Pilosa","Megalonychidae",1.54,"anatomical (peak ganglion-cell density)","SECONDARY compilation - analysis dataset of a review; VA compiled from primaries incl. Veilleux & Kirk 2014, Kirk & Kay 2004, Heffner & Heffner; prefer primaries in merges","deSousa_etal_2022_acuityblind.csv"
"Crocuta crocuta","Carnivora","Hyaenidae",8.4,"anatomical (peak ganglion-cell density)","SECONDARY compilation - analysis dataset of a review; VA compiled from primaries incl. Veilleux & Kirk 2014, Kirk & Kay 2004, Heffner & Heffner; prefer primaries in merges","deSousa_etal_2022_acuityblind.csv"
"Cuniculus paca","Rodentia","Cuniculidae",2.8,"anatomical (peak ganglion-cell density)","SECONDARY compilation - analysis dataset of a review; VA compiled from primaries incl. Veilleux & Kirk 2014, Kirk & Kay 2004, Heffner & Heffner; prefer primaries in merges","deSousa_etal_2022_acuityblind.csv"
"Dama dama","Artiodactyla","Cervidae",18.48,"anatomical (peak ganglion-cell density)","SECONDARY compilation - analysis dataset of a review; VA compiled from primaries incl. Veilleux & Kirk 2014, Kirk & Kay 2004, Heffner & Heffner; prefer primaries in merges","deSousa_etal_2022_acuityblind.csv"
"Dasyprocta leporina","Rodentia","Dasyproctidae",6.21,"anatomical (peak ganglion-cell density)","SECONDARY compilation - analysis dataset of a review; VA compiled from primaries incl. Veilleux & Kirk 2014, Kirk & Kay 2004, Heffner & Heffner; prefer primaries in merges","deSousa_etal_2022_acuityblind.csv"
"Dasyurus hallucatus","Dasyuromorphia","Dasyuridae",2.8,"behavioral","SECONDARY compilation - analysis dataset of a review; VA compiled from primaries incl. Veilleux & Kirk 2014, Kirk & Kay 2004, Heffner & Heffner; prefer primaries in merges","deSousa_etal_2022_acuityblind.csv"
"Delphinapterus leucas","Cetacea","Monodontidae",2.6,"anatomical (peak ganglion-cell density)","SECONDARY compilation - analysis dataset of a review; VA compiled from primaries incl. Veilleux & Kirk 2014, Kirk & Kay 2004, Heffner & Heffner; prefer primaries in merges","deSousa_etal_2022_acuityblind.csv"
"Delphinus delphis","Cetacea","Delphinidae",3.8,"anatomical (peak ganglion-cell density)","SECONDARY compilation - analysis dataset of a review; VA compiled from primaries incl. Veilleux & Kirk 2014, Kirk & Kay 2004, Heffner & Heffner; prefer primaries in merges","deSousa_etal_2022_acuityblind.csv"
"Desmodus rotundus","Chiroptera","Phyllostomidae",0.63,"behavioral","SECONDARY compilation - analysis dataset of a review; VA compiled from primaries incl. Veilleux & Kirk 2014, Kirk & Kay 2004, Heffner & Heffner; prefer primaries in merges","deSousa_etal_2022_acuityblind.csv"
"Diceros bicornis","Perissodactyla","Rhinocerotidae",6,"anatomical (peak ganglion-cell density)","SECONDARY compilation - analysis dataset of a review; VA compiled from primaries incl. Veilleux & Kirk 2014, Kirk & Kay 2004, Heffner & Heffner; prefer primaries in merges","deSousa_etal_2022_acuityblind.csv"
"Didelphis marsupialis","Didelphimorphia","Didelphidae",1.25,"anatomical (peak ganglion-cell density)","SECONDARY compilation - analysis dataset of a review; VA compiled from primaries incl. Veilleux & Kirk 2014, Kirk & Kay 2004, Heffner & Heffner; prefer primaries in merges","deSousa_etal_2022_acuityblind.csv"
"Didelphis virginiana","Didelphimorphia","Didelphidae",2.49,"anatomical (peak ganglion-cell density)","SECONDARY compilation - analysis dataset of a review; VA compiled from primaries incl. Veilleux & Kirk 2014, Kirk & Kay 2004, Heffner & Heffner; prefer primaries in merges","deSousa_etal_2022_acuityblind.csv"
"Eidolon helvum","Chiroptera","Pteropodidae",3.4,"anatomical (peak ganglion-cell density)","SECONDARY compilation - analysis dataset of a review; VA compiled from primaries incl. Veilleux & Kirk 2014, Kirk & Kay 2004, Heffner & Heffner; prefer primaries in merges","deSousa_etal_2022_acuityblind.csv"
"Ellobius lutescens","Rodentia","Cricetidae",0.4,"anatomical (peak ganglion-cell density)","SECONDARY compilation - analysis dataset of a review; VA compiled from primaries incl. Veilleux & Kirk 2014, Kirk & Kay 2004, Heffner & Heffner; prefer primaries in merges","deSousa_etal_2022_acuityblind.csv"
"Ellobius talpinus","Rodentia","Cricetidae",0.9,"anatomical (peak ganglion-cell density)","SECONDARY compilation - analysis dataset of a review; VA compiled from primaries incl. Veilleux & Kirk 2014, Kirk & Kay 2004, Heffner & Heffner; prefer primaries in merges","deSousa_etal_2022_acuityblind.csv"
"Enhydra lutris","Carnivora","Mustelidae",4.2,"anatomical (peak ganglion-cell density)","SECONDARY compilation - analysis dataset of a review; VA compiled from primaries incl. Veilleux & Kirk 2014, Kirk & Kay 2004, Heffner & Heffner; prefer primaries in merges","deSousa_etal_2022_acuityblind.csv"
"Eptesicus fuscus","Chiroptera","Vespertilionidae",0.5,"behavioral","SECONDARY compilation - analysis dataset of a review; VA compiled from primaries incl. Veilleux & Kirk 2014, Kirk & Kay 2004, Heffner & Heffner; prefer primaries in merges","deSousa_etal_2022_acuityblind.csv"
"Equus caballus","Perissodactyla","Equidae",23.3,"behavioral","SECONDARY compilation - analysis dataset of a review; VA compiled from primaries incl. Veilleux & Kirk 2014, Kirk & Kay 2004, Heffner & Heffner; prefer primaries in merges","deSousa_etal_2022_acuityblind.csv"
"Eremitalpa granti","Afrosoricida","Chrysochloridae",0,"blind (subcutaneous eyes; VA coded 0 cpd)","SECONDARY compilation - analysis dataset of a review; VA compiled from primaries incl. Veilleux & Kirk 2014, Kirk & Kay 2004, Heffner & Heffner; prefer primaries in merges","deSousa_etal_2022_acuityblind.csv"
"Eschrichtius robustus","Cetacea","Eschrichtiidae",2.7,"anatomical (peak ganglion-cell density)","SECONDARY compilation - analysis dataset of a review; VA compiled from primaries incl. Veilleux & Kirk 2014, Kirk & Kay 2004, Heffner & Heffner; prefer primaries in merges","deSousa_etal_2022_acuityblind.csv"
"Eulemur macaco","Primates","Lemuridae",5.14,"behavioral","SECONDARY compilation - analysis dataset of a review; VA compiled from primaries incl. Veilleux & Kirk 2014, Kirk & Kay 2004, Heffner & Heffner; prefer primaries in merges","deSousa_etal_2022_acuityblind.csv"
"Eumetopias jubatus","Carnivora","Otariidae",4.2,"behavioral","SECONDARY compilation - analysis dataset of a review; VA compiled from primaries incl. Veilleux & Kirk 2014, Kirk & Kay 2004, Heffner & Heffner; prefer primaries in merges","deSousa_etal_2022_acuityblind.csv"
"Felis catus","Carnivora","Felidae",8.85,"behavioral","SECONDARY compilation - analysis dataset of a review; VA compiled from primaries incl. Veilleux & Kirk 2014, Kirk & Kay 2004, Heffner & Heffner; prefer primaries in merges","deSousa_etal_2022_acuityblind.csv"
"Galago senegalensis","Primates","Galagidae",6.7,"behavioral","SECONDARY compilation - analysis dataset of a review; VA compiled from primaries incl. Veilleux & Kirk 2014, Kirk & Kay 2004, Heffner & Heffner; prefer primaries in merges","deSousa_etal_2022_acuityblind.csv"
"Geomys bursarius","Rodentia","Geomyidae",1.7,"anatomical (peak ganglion-cell density)","SECONDARY compilation - analysis dataset of a review; VA compiled from primaries incl. Veilleux & Kirk 2014, Kirk & Kay 2004, Heffner & Heffner; prefer primaries in merges","deSousa_etal_2022_acuityblind.csv"
"Giraffa camelopardalis","Artiodactyla","Giraffidae",25.46,"anatomical (peak ganglion-cell density)","SECONDARY compilation - analysis dataset of a review; VA compiled from primaries incl. Veilleux & Kirk 2014, Kirk & Kay 2004, Heffner & Heffner; prefer primaries in merges","deSousa_etal_2022_acuityblind.csv"
"Heterocephalus glaber","Rodentia","Bathyergidae",0.44,"anatomical (peak ganglion-cell density)","SECONDARY compilation - analysis dataset of a review; VA compiled from primaries incl. Veilleux & Kirk 2014, Kirk & Kay 2004, Heffner & Heffner; prefer primaries in merges","deSousa_etal_2022_acuityblind.csv"
"Homo sapiens","Primates","Hominidae",64,"behavioral","SECONDARY compilation - analysis dataset of a review; VA compiled from primaries incl. Veilleux & Kirk 2014, Kirk & Kay 2004, Heffner & Heffner; prefer primaries in merges","deSousa_etal_2022_acuityblind.csv"
"Hydrochoerus hydrochaeris","Rodentia","Caviidae",5.8,"anatomical (peak ganglion-cell density)","SECONDARY compilation - analysis dataset of a review; VA compiled from primaries incl. Veilleux & Kirk 2014, Kirk & Kay 2004, Heffner & Heffner; prefer primaries in merges","deSousa_etal_2022_acuityblind.csv"
"Inia geoffrensis","Cetacea","Iniidae",0.8,"anatomical (peak ganglion-cell density)","SECONDARY compilation - analysis dataset of a review; VA compiled from primaries incl. Veilleux & Kirk 2014, Kirk & Kay 2004, Heffner & Heffner; prefer primaries in merges","deSousa_etal_2022_acuityblind.csv"
"Lagenorhynchus obliquidens","Cetacea","Delphinidae",5,"behavioral","SECONDARY compilation - analysis dataset of a review; VA compiled from primaries incl. Veilleux & Kirk 2014, Kirk & Kay 2004, Heffner & Heffner; prefer primaries in merges","deSousa_etal_2022_acuityblind.csv"
"Lemmus lemmus","Rodentia","Cricetidae",0.83,"behavioral","SECONDARY compilation - analysis dataset of a review; VA compiled from primaries incl. Veilleux & Kirk 2014, Kirk & Kay 2004, Heffner & Heffner; prefer primaries in merges","deSousa_etal_2022_acuityblind.csv"
"Lemur catta","Primates","Lemuridae",6.7,"behavioral","SECONDARY compilation - analysis dataset of a review; VA compiled from primaries incl. Veilleux & Kirk 2014, Kirk & Kay 2004, Heffner & Heffner; prefer primaries in merges","deSousa_etal_2022_acuityblind.csv"
"Loxodonta africana","Proboscidea","Elephantidae",13.16,"anatomical (peak ganglion-cell density)","SECONDARY compilation - analysis dataset of a review; VA compiled from primaries incl. Veilleux & Kirk 2014, Kirk & Kay 2004, Heffner & Heffner; prefer primaries in merges","deSousa_etal_2022_acuityblind.csv"
"Lynx lynx","Carnivora","Felidae",8,"behavioral","SECONDARY compilation - analysis dataset of a review; VA compiled from primaries incl. Veilleux & Kirk 2014, Kirk & Kay 2004, Heffner & Heffner; prefer primaries in merges","deSousa_etal_2022_acuityblind.csv"
"Macaca fascicularis","Primates","Cercopithecidae",46,"behavioral","SECONDARY compilation - analysis dataset of a review; VA compiled from primaries incl. Veilleux & Kirk 2014, Kirk & Kay 2004, Heffner & Heffner; prefer primaries in merges","deSousa_etal_2022_acuityblind.csv"
"Macaca mulatta","Primates","Cercopithecidae",53.6,"behavioral","SECONDARY compilation - analysis dataset of a review; VA compiled from primaries incl. Veilleux & Kirk 2014, Kirk & Kay 2004, Heffner & Heffner; prefer primaries in merges","deSousa_etal_2022_acuityblind.csv"
"Macaca nemestrina","Primates","Cercopithecidae",46,"behavioral","SECONDARY compilation - analysis dataset of a review; VA compiled from primaries incl. Veilleux & Kirk 2014, Kirk & Kay 2004, Heffner & Heffner; prefer primaries in merges","deSousa_etal_2022_acuityblind.csv"
"Macroderma gigas","Chiroptera","Megadermatidae",1.9,"anatomical (peak ganglion-cell density)","SECONDARY compilation - analysis dataset of a review; VA compiled from primaries incl. Veilleux & Kirk 2014, Kirk & Kay 2004, Heffner & Heffner; prefer primaries in merges","deSousa_etal_2022_acuityblind.csv"
"Macropus eugenii","Diprotodontia","Macropodidae",2.7,"behavioral","SECONDARY compilation - analysis dataset of a review; VA compiled from primaries incl. Veilleux & Kirk 2014, Kirk & Kay 2004, Heffner & Heffner; prefer primaries in merges","deSousa_etal_2022_acuityblind.csv"
"Macropus fuliginosus","Diprotodontia","Macropodidae",11.23,"anatomical (peak ganglion-cell density)","SECONDARY compilation - analysis dataset of a review; VA compiled from primaries incl. Veilleux & Kirk 2014, Kirk & Kay 2004, Heffner & Heffner; prefer primaries in merges","deSousa_etal_2022_acuityblind.csv"
"Megaderma lyra","Chiroptera","Megadermatidae",1.5,"anatomical (peak ganglion-cell density)","SECONDARY compilation - analysis dataset of a review; VA compiled from primaries incl. Veilleux & Kirk 2014, Kirk & Kay 2004, Heffner & Heffner; prefer primaries in merges","deSousa_etal_2022_acuityblind.csv"
"Meriones unguiculatus","Rodentia","Muridae",1.8,"behavioral","SECONDARY compilation - analysis dataset of a review; VA compiled from primaries incl. Veilleux & Kirk 2014, Kirk & Kay 2004, Heffner & Heffner; prefer primaries in merges","deSousa_etal_2022_acuityblind.csv"
"Mesocricetus auratus","Rodentia","Cricetidae",0.5,"behavioral","SECONDARY compilation - analysis dataset of a review; VA compiled from primaries incl. Veilleux & Kirk 2014, Kirk & Kay 2004, Heffner & Heffner; prefer primaries in merges","deSousa_etal_2022_acuityblind.csv"
"Microcebus murinus","Primates","Cheirogaleidae",4.2,"anatomical (peak ganglion-cell density)","SECONDARY compilation - analysis dataset of a review; VA compiled from primaries incl. Veilleux & Kirk 2014, Kirk & Kay 2004, Heffner & Heffner; prefer primaries in merges","deSousa_etal_2022_acuityblind.csv"
"Mus musculus","Rodentia","Muridae",0.5,"behavioral","SECONDARY compilation - analysis dataset of a review; VA compiled from primaries incl. Veilleux & Kirk 2014, Kirk & Kay 2004, Heffner & Heffner; prefer primaries in merges","deSousa_etal_2022_acuityblind.csv"
"Mustela nivalis","Carnivora","Mustelidae",2.2,"anatomical (peak ganglion-cell density)","SECONDARY compilation - analysis dataset of a review; VA compiled from primaries incl. Veilleux & Kirk 2014, Kirk & Kay 2004, Heffner & Heffner; prefer primaries in merges","deSousa_etal_2022_acuityblind.csv"
"Mustela putorius","Carnivora","Mustelidae",3.57,"behavioral","SECONDARY compilation - analysis dataset of a review; VA compiled from primaries incl. Veilleux & Kirk 2014, Kirk & Kay 2004, Heffner & Heffner; prefer primaries in merges","deSousa_etal_2022_acuityblind.csv"
"Myotis daubentonii","Chiroptera","Vespertilionidae",0.1,"behavioral","SECONDARY compilation - analysis dataset of a review; VA compiled from primaries incl. Veilleux & Kirk 2014, Kirk & Kay 2004, Heffner & Heffner; prefer primaries in merges","deSousa_etal_2022_acuityblind.csv"
"Myotis lucifugus","Chiroptera","Vespertilionidae",0.1,"behavioral","SECONDARY compilation - analysis dataset of a review; VA compiled from primaries incl. Veilleux & Kirk 2014, Kirk & Kay 2004, Heffner & Heffner; prefer primaries in merges","deSousa_etal_2022_acuityblind.csv"
"Myotis mystacinus","Chiroptera","Vespertilionidae",0.1,"behavioral","SECONDARY compilation - analysis dataset of a review; VA compiled from primaries incl. Veilleux & Kirk 2014, Kirk & Kay 2004, Heffner & Heffner; prefer primaries in merges","deSousa_etal_2022_acuityblind.csv"
"Myrmecobius fasciatus","Dasyuromorphia","Myrmecobiidae",5.2,"behavioral","SECONDARY compilation - analysis dataset of a review; VA compiled from primaries incl. Veilleux & Kirk 2014, Kirk & Kay 2004, Heffner & Heffner; prefer primaries in merges","deSousa_etal_2022_acuityblind.csv"
"Neotoma floridana","Rodentia","Cricetidae",2.3,"anatomical (peak ganglion-cell density)","SECONDARY compilation - analysis dataset of a review; VA compiled from primaries incl. Veilleux & Kirk 2014, Kirk & Kay 2004, Heffner & Heffner; prefer primaries in merges","deSousa_etal_2022_acuityblind.csv"
"Neurotrichus gibbsii","Soricomorpha","Talpidae",0,"blind (subcutaneous eyes; VA coded 0 cpd)","SECONDARY compilation - analysis dataset of a review; VA compiled from primaries incl. Veilleux & Kirk 2014, Kirk & Kay 2004, Heffner & Heffner; prefer primaries in merges","deSousa_etal_2022_acuityblind.csv"
"Notoryctes typhlops","Notoryctemorphia","Notoryctidae",0,"blind (subcutaneous eyes; VA coded 0 cpd)","SECONDARY compilation - analysis dataset of a review; VA compiled from primaries incl. Veilleux & Kirk 2014, Kirk & Kay 2004, Heffner & Heffner; prefer primaries in merges","deSousa_etal_2022_acuityblind.csv"
"Nyctophilus gouldi","Chiroptera","Vespertilionidae",0.6,"anatomical (peak ganglion-cell density)","SECONDARY compilation - analysis dataset of a review; VA compiled from primaries incl. Veilleux & Kirk 2014, Kirk & Kay 2004, Heffner & Heffner; prefer primaries in merges","deSousa_etal_2022_acuityblind.csv"
"Odobenus rosmarus","Carnivora","Odobenidae",3.8,"anatomical (peak ganglion-cell density)","SECONDARY compilation - analysis dataset of a review; VA compiled from primaries incl. Veilleux & Kirk 2014, Kirk & Kay 2004, Heffner & Heffner; prefer primaries in merges","deSousa_etal_2022_acuityblind.csv"
"Onychomys leucogaster","Rodentia","Cricetidae",2.3,"anatomical (peak ganglion-cell density)","SECONDARY compilation - analysis dataset of a review; VA compiled from primaries incl. Veilleux & Kirk 2014, Kirk & Kay 2004, Heffner & Heffner; prefer primaries in merges","deSousa_etal_2022_acuityblind.csv"
"Oryctolagus cuniculus","Lagomorpha","Leporidae",3,"behavioral","SECONDARY compilation - analysis dataset of a review; VA compiled from primaries incl. Veilleux & Kirk 2014, Kirk & Kay 2004, Heffner & Heffner; prefer primaries in merges","deSousa_etal_2022_acuityblind.csv"
"Otolemur crassicaudatus","Primates","Galagidae",4.8,"behavioral","SECONDARY compilation - analysis dataset of a review; VA compiled from primaries incl. Veilleux & Kirk 2014, Kirk & Kay 2004, Heffner & Heffner; prefer primaries in merges","deSousa_etal_2022_acuityblind.csv"
"Ovis aries","Artiodactyla","Bovidae",5.61,"behavioral","SECONDARY compilation - analysis dataset of a review; VA compiled from primaries incl. Veilleux & Kirk 2014, Kirk & Kay 2004, Heffner & Heffner; prefer primaries in merges","deSousa_etal_2022_acuityblind.csv"
"Pan troglodytes","Primates","Hominidae",64.28,"behavioral","SECONDARY compilation - analysis dataset of a review; VA compiled from primaries incl. Veilleux & Kirk 2014, Kirk & Kay 2004, Heffner & Heffner; prefer primaries in merges","deSousa_etal_2022_acuityblind.csv"
"Peromyscus maniculatus","Rodentia","Cricetidae",0.56,"behavioral","SECONDARY compilation - analysis dataset of a review; VA compiled from primaries incl. Veilleux & Kirk 2014, Kirk & Kay 2004, Heffner & Heffner; prefer primaries in merges","deSousa_etal_2022_acuityblind.csv"
"Phascolarctos cinereus","Diprotodontia","Phascolarctidae",2.4,"anatomical (peak ganglion-cell density)","SECONDARY compilation - analysis dataset of a review; VA compiled from primaries incl. Veilleux & Kirk 2014, Kirk & Kay 2004, Heffner & Heffner; prefer primaries in merges","deSousa_etal_2022_acuityblind.csv"
"Phoca vitulina","Carnivora","Phocidae",3.6,"behavioral","SECONDARY compilation - analysis dataset of a review; VA compiled from primaries incl. Veilleux & Kirk 2014, Kirk & Kay 2004, Heffner & Heffner; prefer primaries in merges","deSousa_etal_2022_acuityblind.csv"
"Phocoena phocoena","Cetacea","Phocoenidae",2.7,"anatomical (peak ganglion-cell density)","SECONDARY compilation - analysis dataset of a review; VA compiled from primaries incl. Veilleux & Kirk 2014, Kirk & Kay 2004, Heffner & Heffner; prefer primaries in merges","deSousa_etal_2022_acuityblind.csv"
"Phocoenoides dalli","Cetacea","Phocoenidae",2.6,"anatomical (peak ganglion-cell density)","SECONDARY compilation - analysis dataset of a review; VA compiled from primaries incl. Veilleux & Kirk 2014, Kirk & Kay 2004, Heffner & Heffner; prefer primaries in merges","deSousa_etal_2022_acuityblind.csv"
"Phyllostomus hastatus","Chiroptera","Phyllostomidae",0.17,"behavioral","SECONDARY compilation - analysis dataset of a review; VA compiled from primaries incl. Veilleux & Kirk 2014, Kirk & Kay 2004, Heffner & Heffner; prefer primaries in merges","deSousa_etal_2022_acuityblind.csv"
"Plecotus auritus","Chiroptera","Vespertilionidae",1,"behavioral","SECONDARY compilation - analysis dataset of a review; VA compiled from primaries incl. Veilleux & Kirk 2014, Kirk & Kay 2004, Heffner & Heffner; prefer primaries in merges","deSousa_etal_2022_acuityblind.csv"
"Pseudorca crassidens","Cetacea","Delphinidae",3.3,"anatomical (peak ganglion-cell density)","SECONDARY compilation - analysis dataset of a review; VA compiled from primaries incl. Veilleux & Kirk 2014, Kirk & Kay 2004, Heffner & Heffner; prefer primaries in merges","deSousa_etal_2022_acuityblind.csv"
"Pteropus giganteus","Chiroptera","Pteropodidae",1.7,"behavioral","SECONDARY compilation - analysis dataset of a review; VA compiled from primaries incl. Veilleux & Kirk 2014, Kirk & Kay 2004, Heffner & Heffner; prefer primaries in merges","deSousa_etal_2022_acuityblind.csv"
"Pteropus poliocephalus","Chiroptera","Pteropodidae",5.5,"anatomical (peak ganglion-cell density)","SECONDARY compilation - analysis dataset of a review; VA compiled from primaries incl. Veilleux & Kirk 2014, Kirk & Kay 2004, Heffner & Heffner; prefer primaries in merges","deSousa_etal_2022_acuityblind.csv"
"Pteropus scapulatus","Chiroptera","Pteropodidae",4,"anatomical (peak ganglion-cell density)","SECONDARY compilation - analysis dataset of a review; VA compiled from primaries incl. Veilleux & Kirk 2014, Kirk & Kay 2004, Heffner & Heffner; prefer primaries in merges","deSousa_etal_2022_acuityblind.csv"
"Rattus norvegicus","Rodentia","Muridae",1.6,"behavioral","SECONDARY compilation - analysis dataset of a review; VA compiled from primaries incl. Veilleux & Kirk 2014, Kirk & Kay 2004, Heffner & Heffner; prefer primaries in merges","deSousa_etal_2022_acuityblind.csv"
"Rhinolophus rouxii","Chiroptera","Rhinolophidae",0.4,"anatomical (peak ganglion-cell density)","SECONDARY compilation - analysis dataset of a review; VA compiled from primaries incl. Veilleux & Kirk 2014, Kirk & Kay 2004, Heffner & Heffner; prefer primaries in merges","deSousa_etal_2022_acuityblind.csv"
"Rousettus aegyptiacus","Chiroptera","Pteropodidae",3.15,"anatomical (peak ganglion-cell density)","SECONDARY compilation - analysis dataset of a review; VA compiled from primaries incl. Veilleux & Kirk 2014, Kirk & Kay 2004, Heffner & Heffner; prefer primaries in merges","deSousa_etal_2022_acuityblind.csv"
"Rousettus madagascariensis","Chiroptera","Pteropodidae",3,"anatomical (peak ganglion-cell density)","SECONDARY compilation - analysis dataset of a review; VA compiled from primaries incl. Veilleux & Kirk 2014, Kirk & Kay 2004, Heffner & Heffner; prefer primaries in merges","deSousa_etal_2022_acuityblind.csv"
"Saguinus midas","Primates","Cebidae",24.87,"anatomical (peak ganglion-cell density)","SECONDARY compilation - analysis dataset of a review; VA compiled from primaries incl. Veilleux & Kirk 2014, Kirk & Kay 2004, Heffner & Heffner; prefer primaries in merges","deSousa_etal_2022_acuityblind.csv"
"Saimiri sciureus","Primates","Cebidae",40.5,"behavioral","SECONDARY compilation - analysis dataset of a review; VA compiled from primaries incl. Veilleux & Kirk 2014, Kirk & Kay 2004, Heffner & Heffner; prefer primaries in merges","deSousa_etal_2022_acuityblind.csv"
"Sarcophilus harrisii","Dasyuromorphia","Dasyuridae",4.75,"anatomical (peak ganglion-cell density)","SECONDARY compilation - analysis dataset of a review; VA compiled from primaries incl. Veilleux & Kirk 2014, Kirk & Kay 2004, Heffner & Heffner; prefer primaries in merges","deSousa_etal_2022_acuityblind.csv"
"Sciurus carolinensis","Rodentia","Sciuridae",3.9,"behavioral","SECONDARY compilation - analysis dataset of a review; VA compiled from primaries incl. Veilleux & Kirk 2014, Kirk & Kay 2004, Heffner & Heffner; prefer primaries in merges","deSousa_etal_2022_acuityblind.csv"
"Sciurus griseus","Rodentia","Sciuridae",3.9,"behavioral","SECONDARY compilation - analysis dataset of a review; VA compiled from primaries incl. Veilleux & Kirk 2014, Kirk & Kay 2004, Heffner & Heffner; prefer primaries in merges","deSousa_etal_2022_acuityblind.csv"
"Sciurus niger","Rodentia","Sciuridae",3.9,"behavioral","SECONDARY compilation - analysis dataset of a review; VA compiled from primaries incl. Veilleux & Kirk 2014, Kirk & Kay 2004, Heffner & Heffner; prefer primaries in merges","deSousa_etal_2022_acuityblind.csv"
"Setonix brachyurus","Diprotodontia","Macropodidae",4,"anatomical (peak ganglion-cell density)","SECONDARY compilation - analysis dataset of a review; VA compiled from primaries incl. Veilleux & Kirk 2014, Kirk & Kay 2004, Heffner & Heffner; prefer primaries in merges","deSousa_etal_2022_acuityblind.csv"
"Sminthopsis crassicaudata","Dasyuromorphia","Dasyuridae",2.36,"behavioral","SECONDARY compilation - analysis dataset of a review; VA compiled from primaries incl. Veilleux & Kirk 2014, Kirk & Kay 2004, Heffner & Heffner; prefer primaries in merges","deSousa_etal_2022_acuityblind.csv"
"Sotalia fluviatilis","Cetacea","Delphinidae",1.2,"anatomical (peak ganglion-cell density)","SECONDARY compilation - analysis dataset of a review; VA compiled from primaries incl. Veilleux & Kirk 2014, Kirk & Kay 2004, Heffner & Heffner; prefer primaries in merges","deSousa_etal_2022_acuityblind.csv"
"Nannospalax ehrenbergi","Rodentia","Spalacidae",0,"blind (subcutaneous eyes; VA coded 0 cpd)","SECONDARY compilation - analysis dataset of a review; VA compiled from primaries incl. Veilleux & Kirk 2014, Kirk & Kay 2004, Heffner & Heffner; prefer primaries in merges","deSousa_etal_2022_acuityblind.csv"
"Otospermophilus beecheyi","Rodentia","Sciuridae",4,"behavioral","SECONDARY compilation - analysis dataset of a review; VA compiled from primaries incl. Veilleux & Kirk 2014, Kirk & Kay 2004, Heffner & Heffner; prefer primaries in merges","deSousa_etal_2022_acuityblind.csv"
"Suricata suricatta","Carnivora","Herpestidae",6.3,"behavioral","SECONDARY compilation - analysis dataset of a review; VA compiled from primaries incl. Veilleux & Kirk 2014, Kirk & Kay 2004, Heffner & Heffner; prefer primaries in merges","deSousa_etal_2022_acuityblind.csv"
"Sus scrofa","Artiodactyla","Suidae",9.92,"anatomical (peak ganglion-cell density)","SECONDARY compilation - analysis dataset of a review; VA compiled from primaries incl. Veilleux & Kirk 2014, Kirk & Kay 2004, Heffner & Heffner; prefer primaries in merges","deSousa_etal_2022_acuityblind.csv"
"Tachyglossus aculeatus","Monotremata","Tachyglossidae",1.69,"anatomical (peak ganglion-cell density)","SECONDARY compilation - analysis dataset of a review; VA compiled from primaries incl. Veilleux & Kirk 2014, Kirk & Kay 2004, Heffner & Heffner; prefer primaries in merges","deSousa_etal_2022_acuityblind.csv"
"Talpa caeca","Soricomorpha","Talpidae",0,"blind (subcutaneous eyes; VA coded 0 cpd)","SECONDARY compilation - analysis dataset of a review; VA compiled from primaries incl. Veilleux & Kirk 2014, Kirk & Kay 2004, Heffner & Heffner; prefer primaries in merges","deSousa_etal_2022_acuityblind.csv"
"Talpa occidentalis","Soricomorpha","Talpidae",0,"blind (subcutaneous eyes; VA coded 0 cpd)","SECONDARY compilation - analysis dataset of a review; VA compiled from primaries incl. Veilleux & Kirk 2014, Kirk & Kay 2004, Heffner & Heffner; prefer primaries in merges","deSousa_etal_2022_acuityblind.csv"
"Taphozous georgianus","Chiroptera","Emballonuridae",1.3,"anatomical (peak ganglion-cell density)","SECONDARY compilation - analysis dataset of a review; VA compiled from primaries incl. Veilleux & Kirk 2014, Kirk & Kay 2004, Heffner & Heffner; prefer primaries in merges","deSousa_etal_2022_acuityblind.csv"
"Tarsipes rostratus","Diprotodontia","Tarsipedidae",0.63,"behavioral","SECONDARY compilation - analysis dataset of a review; VA compiled from primaries incl. Veilleux & Kirk 2014, Kirk & Kay 2004, Heffner & Heffner; prefer primaries in merges","deSousa_etal_2022_acuityblind.csv"
"Carlito syrichta","Primates","Tarsiidae",8.89,"anatomical (peak ganglion-cell density)","SECONDARY compilation - analysis dataset of a review; VA compiled from primaries incl. Veilleux & Kirk 2014, Kirk & Kay 2004, Heffner & Heffner; prefer primaries in merges","deSousa_etal_2022_acuityblind.csv"
"Trichosurus vulpecula","Diprotodontia","Phalangeridae",4.8,"anatomical (peak ganglion-cell density)","SECONDARY compilation - analysis dataset of a review; VA compiled from primaries incl. Veilleux & Kirk 2014, Kirk & Kay 2004, Heffner & Heffner; prefer primaries in merges","deSousa_etal_2022_acuityblind.csv"
"Tupaia belangeri","Scandentia","Tupaiidae",2.4,"behavioral","SECONDARY compilation - analysis dataset of a review; VA compiled from primaries incl. Veilleux & Kirk 2014, Kirk & Kay 2004, Heffner & Heffner; prefer primaries in merges","deSousa_etal_2022_acuityblind.csv"
"Tupaia glis","Scandentia","Tupaiidae",4.7,"behavioral","SECONDARY compilation - analysis dataset of a review; VA compiled from primaries incl. Veilleux & Kirk 2014, Kirk & Kay 2004, Heffner & Heffner; prefer primaries in merges","deSousa_etal_2022_acuityblind.csv"
"Tursiops truncatus","Cetacea","Delphinidae",3.8,"behavioral","SECONDARY compilation - analysis dataset of a review; VA compiled from primaries incl. Veilleux & Kirk 2014, Kirk & Kay 2004, Heffner & Heffner; prefer primaries in merges","deSousa_etal_2022_acuityblind.csv"
"Zalophus californianus","Carnivora","Otariidae",5.7,"behavioral","SECONDARY compilation - analysis dataset of a review; VA compiled from primaries incl. Veilleux & Kirk 2014, Kirk & Kay 2004, Heffner & Heffner; prefer primaries in merges","deSousa_etal_2022_acuityblind.csv"
